ContourID,SegmentID,X,Y
1,1,50.0,100.0
1,1,59.09090909090909,100.0
1,1,68.18181818181819,100.0
1,1,77.27272727272727,100.0
1,1,86.36363636363637,100.0
1,1,95.45454545454545,100.0
1,1,104.54545454545453,100.0
1,1,113.63636363636363,100.0
1,1,122.72727272727273,100.0
1,1,131.8181818181818,100.0
1,1,140.9090909090909,100.0
1,1,150.0,100.0
